{
  "Base_ELM": {
    "metrics": {
      "R2": 0.9889241332560899,
      "MAPE": 19.136949488285733,
      "VAF": 98.89257266961341,
      "NASH": 0.9889241332560899,
      "AIC": 3625.041664572286
    },
    "training_time": 0.057613
  },
  "ICA_ELM": {
    "metrics": {
      "R2": 0.9818990333640116,
      "MAPE": 22.401520417576464,
      "VAF": 98.1919237951038,
      "NASH": 0.9818990333640116,
      "AIC": 3822.0115685316423
    },
    "training_time": 219.038049
  },
  "HBO_ELM": {
    "metrics": {
      "R2": 0.986123758327288,
      "MAPE": 19.256446948550543,
      "VAF": 98.61707879255532,
      "NASH": 0.986123758327288,
      "AIC": 3715.430902697019
    },
    "training_time": 232.396007
  },
  "MFO_ELM": {
    "metrics": {
      "R2": 0.965023593100272,
      "MAPE": 33.751881253105005,
      "VAF": 96.50287396644349,
      "NASH": 0.965023593100272,
      "AIC": 4086.153638319506
    },
    "training_time": 304.833389
  },
  "BOA_ELM": {
    "metrics": {
      "R2": 0.9564183531196507,
      "MAPE": 38.146047886949304,
      "VAF": 95.64249220992306,
      "NASH": 0.9564183531196507,
      "AIC": 4174.358549897271
    },
    "training_time": 141.011906
  }
}